[{
  "name": "INFINITYHVH CURATOR. На сайте стоит 199 рублей! ВЫДАМ НА ВАШ АККАУНТ! ЧИТАЙТЕ ОПИСАНИЕ!",
  "nodes": [
    "Пишите свой никнейм и гриф на который вам выдать данный донат! "
  ]
},
  {
    "name": "INFINITYHVH INFINITY. На сайте стоит 249 рублей! ВЫДАМ ВАМ АККАУНТ! АВТО ВЫДАЧА!",
    "message": "https://drive.google.com/file/d/1td0APS5henR8TXRnC-QHx70LBljA1S5Z/view?usp=sharing"
  },
  {
"name": "INFINITYHVH DRAGON. На сайте стоит 119 рублей! ВЫДАМ НА ВАШ АККАУНТ! ЧИТАЙТЕ ОПИСАНИЕ!",
"message": "Пишите свой никнейм и гриф на который вам выдать данный донат!"
  },
  {
    "name": "INFINITYHVH DRAGON. На сайте стоит 119 рублей! ВЫДАМ АККАУНТ! АВТО ВЫДАЧА!",
    "message": "https://drive.google.com/file/d/1w2vhww-c3KgSATh0PQ_upBDsQ_FdxJ65/view?usp=sharing"
  },
  {
"name": "CFG AKRIEN PREMIUM | InfinityHvH",
"message": "https://drive.google.com/file/d/1EDiUwuQEaNcu0nPAJu9WNyaaapWQHact/view?usp=sharing + ОБНОВЛЕННЫЙ КФГ: https://drive.google.com/file/d/17QXUV0EuVtCkvjwMC3mt_z6afJmslYQY/view?usp=sharing"
},
{
  "name": "CFG CELESTIAL RECODE | InfinityHvH",
  "message": "https://drive.google.com/file/d/1SaQYe8DeR9rpJiz43UZOr6LN6VCLOJrn/view?usp=sharing (назывется rw ибо там стоит античит RW)"
},
{
    "name": "CFG NURSULTAN CLIENT | InfinityHvH",
    "message": "https://drive.google.com/file/d/13mYy3FxiQ8GXVEX_tjyg39aZ3sd3Dk4h/view?usp=sharing"
},
{
  "name": "CFG EXPENSIVE CLIENT | InfinityHvH",
  "message": "https://drive.google.com/file/d/1AJWiyPye1-dWMwBm8fmvy7x7EZHTxS7Q/view?usp=sharing"
},
  {
    "name": "CFG CELESTIAL PREMIUM v8.3.4 | InfinityHvH and RW",
    "message": "https://drive.google.com/file/d/1sZuZoBzCMXu7foQkPypKjLAhPMQqlmj8/view?usp=sharing"
  }]