[
  {
    "command": "!тест",
    "response": "Тестовое сообщение"
  },
  {
    "command": "!команда",
    "response": "Ответ на команду"
  },
  {
    "command": "!привет",
    "response": "Привет дружище✋\n\nif you do not know Russian, write !eng and the bot will switch to English\n\n\uD83E\uDD18я бот автоматической выдачи аккаунтов\uD83E\uDD18\n\uD83D\uDC4CМожешь покупать, когда тебе удобно, бот все скинет сразу же\uD83D\uDC4C\n\uD83D\uDCACЯ нахожусь в сети с 11:00 до 22:00 по мск (могу отлучаться)✅\n\n✍️если будут вопросы пишите !помощь\n\n⚠️Не забываем ПОДТВЕРЖДАТЬ ОПЛАТУ✅\n⚠️Если понравится сервис, то оставь пожалуйста отзыв, для меня это важно✅\n⚠️Чтобы позвать продавца пишите: !позвать\n⚠️Если не понравиться, то не оставляй ничего, дождись меня и мы решим вопрос\uD83D\uDE00"
  },
  {
    "command": "!позвать",
    "response": "Вы успешно вызвали продавца! Ожидайте его ответа и мы решим ваш вопрос вместе! \uD83D\uDC4C"
  },
  {
    "command": "!eng",
    "response": "Hey buddy ✋\n\nIf you don't know Russian, write!eng, and the bot will switch to English\n\n\uD83E\uDD18 I am a bot of automatic account issuance \uD83E\uDD18\n\uD83D\uDC4C You can buy when it's convenient for you, the bot will throw everything off immediately \uD83D\uDC4C\n\uD83D\uDCAC I am online from 11:00 to 22:00 Moscow time (I can leave) ✅\n\n✍ if you have any questions, write!help\n\n⚠ do not forget TO CONFIRM THE PAYMENT ✅\n⚠ if you like the service, please leave a review, it's important to me ✅\n⚠To call the seller use: !call\n⚠ if you don't like it, then don't leave anything, wait for me and we will solve the issue \uD83D\uDE00"
  },
  {
    "command": "!call",
    "response": "You successfully called the seller! Wait his answer and we will solve your issue together! \uD83D\uDC4C"
  },
  {
    "command": "!помощь",
    "response": "Вы стоите в очереди помощи продавца, ждите! Если\nлюдей в ожидании много то это может занять более 5\nминут, если меньше то не более 5 минут!"
  },
  {
    "command": "!help",
    "response": "You are standing in the seller's help queue, wait! If there\nare a lot of people waiting, then it may take more than 5\nminutes, if less, then no more than 5 minutes!"
  }
]