[
    {
        "node_id": "221",
        "offer_id": "14066303"
    },
    {
        "node_id": "221",
        "offer_id": "14065263"
    },
    {
        "node_id": "221",
        "offer_id": "14065216"
    },
    {
        "node_id": "223",
        "offer_id": "14109813"
    },
    {
        "node_id": "223",
        "offer_id": "14109785"
    },
    {
        "node_id": "223",
        "offer_id": "14109774"
    },
    {
        "node_id": "223",
        "offer_id": "14109765"
    },
    {
        "node_id": "223",
        "offer_id": "14109758"
    }
]